{
  "first4": [
    0.0014169816859066486,
    0.02268439345061779,
    -0.023612558841705322,
    -0.013869188725948334
  ],
  "tolerance": 0.0001,
  "captured_at": "2026-05-27T13:16:10Z"
}
